INSERT INTO shelters (name, location)
VALUES ('Manhattan Shelter', 'New York'),
       ('Scranton Main Shelter', 'Scranton');

INSERT INTO breeds (name, description, origin)
VALUES ('German Shepherd',
        'Big Ears and Strong',
        'Germany'),
       ('Chihuahua', 'Small, Weak and Nimble', 'Mexico');

INSERT INTO pets (id,name,photourl,dateofbirth,weight,date_sheltered,shelter_id,breed_id,status)
values (1, 'John', 'photos\\1.jpg', '2000-06-06', 10.2, '2015-09-09', 1, 1, 'Sheltered'),
       (2, 'Chichi', 'photos\\2.jpg', '2019-01-03', 2.1, '2019-01-06', 2, 2, 'Adopted');

/*password: 'password' */
insert into users (id, username, password, role) values (1, 'pattwoull0', '5f4dcc3b5aa765d61d8327deb882cf99', 0);
insert into users (id, username, password, role) values (2, 'frameaux1', '5f4dcc3b5aa765d61d8327deb882cf99', 0);
insert into users (id, username, password, role) values (3, 'bclimar2', '5f4dcc3b5aa765d61d8327deb882cf99', 0);
insert into users (id, username, password, role) values (4, 'cshafier3', '5f4dcc3b5aa765d61d8327deb882cf99', 0);
insert into users (id, username, password, role) values (5, 'dstamper4', '5f4dcc3b5aa765d61d8327deb882cf99', 1);
insert into users (id, username, password, role) values (6, 'mblackford5', '5f4dcc3b5aa765d61d8327deb882cf99', 1);
insert into users (id, username, password, role) values (7, 'bnathon6', '5f4dcc3b5aa765d61d8327deb882cf99', 1);
insert into users (id, username, password, role) values (8, 'srogerot7', '5f4dcc3b5aa765d61d8327deb882cf99', 1);
insert into users (id, username, password, role) values (9, 'kbuttler8', '5f4dcc3b5aa765d61d8327deb882cf99', 1);
insert into users (id, username, password, role) values (10, 'kjaeggi9', '5f4dcc3b5aa765d61d8327deb882cf99', 1);
insert into users (id, username, password, role) values (11, 'nmaxsteda', '5f4dcc3b5aa765d61d8327deb882cf99', 1);
insert into users (id, username, password, role) values (12, 'jdaviddib', '5f4dcc3b5aa765d61d8327deb882cf99', 2);
insert into users (id, username, password, role) values (13, 'amcalroyc', '5f4dcc3b5aa765d61d8327deb882cf99', 2);
insert into users (id, username, password, role) values (14, 'mwaddiloved', '5f4dcc3b5aa765d61d8327deb882cf99', 2);
insert into users (id, username, password, role) values (15, 'rheynene', '5f4dcc3b5aa765d61d8327deb882cf99', 2);
insert into users (id, username, password, role) values (16, 'lgeachf', '5f4dcc3b5aa765d61d8327deb882cf99', 2);
insert into users (id, username, password, role) values (17, 'kbahiag', '5f4dcc3b5aa765d61d8327deb882cf99', 0);
insert into users (id, username, password, role) values (18, 'rwhistanceh', '5f4dcc3b5aa765d61d8327deb882cf99', 1);
insert into users (id, username, password, role) values (19, 'ybladoni', '5f4dcc3b5aa765d61d8327deb882cf99', 1);
insert into users (id, username, password, role) values (20, 'clyddonj', '5f4dcc3b5aa765d61d8327deb882cf99', 1);
insert into users (id, username, password, role) values (21, 'bandreacci0', '5f4dcc3b5aa765d61d8327deb882cf99', 1);
insert into users (id, username, password, role) values (22, 'sobert1', '5f4dcc3b5aa765d61d8327deb882cf99', 1);
insert into users (id, username, password, role) values (23, 'adane2', '5f4dcc3b5aa765d61d8327deb882cf99', 1);
insert into users (id, username, password, role) values (24, 'atejero3', '5f4dcc3b5aa765d61d8327deb882cf99', 1);
insert into users (id, username, password, role) values (25, 'cograda4', '5f4dcc3b5aa765d61d8327deb882cf99', 1);
insert into users (id, username, password, role) values (26, 'lansell5', '5f4dcc3b5aa765d61d8327deb882cf99', 2);
insert into users (id, username, password, role) values (27, 'gchapiro6', '5f4dcc3b5aa765d61d8327deb882cf99', 2);
insert into users (id, username, password, role) values (28, 'pmurden7', '5f4dcc3b5aa765d61d8327deb882cf99', 2);
insert into users (id, username, password, role) values (29, 'ahandforth8', '5f4dcc3b5aa765d61d8327deb882cf99', 0);
insert into users (id, username, password, role) values (30, 'skearley9', '5f4dcc3b5aa765d61d8327deb882cf99', 1);
insert into users (id, username, password, role) values (31, 'rpiddocka', '5f4dcc3b5aa765d61d8327deb882cf99', 2);
insert into users (id, username, password, role) values (32, 'wpoundfordb', '5f4dcc3b5aa765d61d8327deb882cf99', 0);
insert into users (id, username, password, role) values (33, 'fmougelc', '5f4dcc3b5aa765d61d8327deb882cf99', 0);
insert into users (id, username, password, role) values (34, 'hdanelld', '5f4dcc3b5aa765d61d8327deb882cf99', 1);
insert into users (id, username, password, role) values (35, 'lmcanee', '5f4dcc3b5aa765d61d8327deb882cf99', 1);
insert into users (id, username, password, role) values (36, 'shuberyf', '5f4dcc3b5aa765d61d8327deb882cf99', 0);
insert into users (id, username, password, role) values (37, 'areddingsg', '5f4dcc3b5aa765d61d8327deb882cf99', 1);
insert into users (id, username, password, role) values (38, 'ahackeltonh', '5f4dcc3b5aa765d61d8327deb882cf99', 1);
insert into users (id, username, password, role) values (39, 'mwychi', '5f4dcc3b5aa765d61d8327deb882cf99', 2);
insert into users (id, username, password, role) values (40, 'mmcimmiej', '5f4dcc3b5aa765d61d8327deb882cf99', 2);



insert into userinfo (user_id, email, firstname, lastname, dateofbirth, address, phone) values (1, 'abresson0@mozilla.org', 'Aile', 'Bresson', '1985-02-23', '41637 Packers Trail', '4124700460');
insert into userinfo (user_id, email, firstname, lastname, dateofbirth, address, phone) values (2, 'bboays1@t-online.de', 'Bartholomeus', 'Boays', '1996-09-25', '6835 Bashford Center', '5044524503');
insert into userinfo (user_id, email, firstname, lastname, dateofbirth, address, phone) values (3, 'nchatres2@jalbum.net', 'Noel', 'Chatres', '1989-12-23', '79 East Street', '7798840356');
insert into userinfo (user_id, email, firstname, lastname, dateofbirth, address, phone) values (4, 'arouby3@deviantart.com', 'Aube', 'Rouby', '1997-05-13', '9973 Prentice Center', '9939897174');
insert into userinfo (user_id, email, firstname, lastname, dateofbirth, address, phone) values (5, 'mknell4@quantcast.com', 'Maje', 'Knell', '2000-06-12', '6914 Kingsford Plaza', '3595407361');
insert into userinfo (user_id, email, firstname, lastname, dateofbirth, address, phone) values (6, 'lveck5@paginegialle.it', 'Lilith', 'Veck', '1985-04-23', '3967 Arizona Park', '3156152033');
insert into userinfo (user_id, email, firstname, lastname, dateofbirth, address, phone) values (7, 'cnorthover6@unc.edu', 'Chloette', 'Northover', '1980-08-02', '6 Brentwood Road', '5914012354');
insert into userinfo (user_id, email, firstname, lastname, dateofbirth, address, phone) values (8, 'fnulty7@nydailynews.com', 'Frankie', 'Nulty', '1978-05-27', '6 American Lane', '6579960008');
insert into userinfo (user_id, email, firstname, lastname, dateofbirth, address, phone) values (9, 'rchapelle8@princeton.edu', 'Ranice', 'Chapelle', '1999-08-26', '54305 Pond Way', '5217209161');
insert into userinfo (user_id, email, firstname, lastname, dateofbirth, address, phone) values (10, 'lkeeves9@storify.com', 'Lonnie', 'Keeves', '1986-05-14', '16 Doe Crossing Trail', '5996557726');
insert into userinfo (user_id, email, firstname, lastname, dateofbirth, address, phone) values (11, 'adowyera@ed.gov', 'Agna', 'Dowyer', '1995-06-22', '09 Shasta Junction', '6777729044');
insert into userinfo (user_id, email, firstname, lastname, dateofbirth, address, phone) values (12, 'tharrawayb@elegantthemes.com', 'Tremayne', 'Harraway', '1978-10-17', '58114 Charing Cross Drive', '7364051124');
insert into userinfo (user_id, email, firstname, lastname, dateofbirth, address, phone) values (13, 'aleggottc@java.com', 'Amii', 'Leggott', '1997-01-27', '796 Lake View Point', '2628472762');
insert into userinfo (user_id, email, firstname, lastname, dateofbirth, address, phone) values (14, 'anelliesd@clickbank.net', 'Abigail', 'Nellies', '1997-06-07', '476 Almo Circle', '9179566692');
insert into userinfo (user_id, email, firstname, lastname, dateofbirth, address, phone) values (15, 'bferrare@hatena.ne.jp', 'Blair', 'Ferrar', '1999-04-27', '76256 Mccormick Junction', '2171074742');
insert into userinfo (user_id, email, firstname, lastname, dateofbirth, address, phone) values (16, 'mkullerf@pcworld.com', 'Meredeth', 'Kuller', '1996-10-19', '9086 Judy Drive', '7099886480');
insert into userinfo (user_id, email, firstname, lastname, dateofbirth, address, phone) values (17, 'acordobesg@slideshare.net', 'Agneta', 'Cordobes', '1997-12-24', '21466 Roxbury Road', '3362841881');
insert into userinfo (user_id, email, firstname, lastname, dateofbirth, address, phone) values (18, 'hcromblehomeh@pbs.org', 'Hedi', 'Cromblehome', '1992-11-18', '049 Service Plaza', '8497112765');
insert into userinfo (user_id, email, firstname, lastname, dateofbirth, address, phone) values (19, 'mparamori@miitbeian.gov.cn', 'Mia', 'Paramor', '1986-04-11', '2 Lyons Trail', '5384432082');
insert into userinfo (user_id, email, firstname, lastname, dateofbirth, address, phone) values (20, 'tkennewayj@unblog.fr', 'Taylor', 'Kenneway', '1988-11-02', '9426 Kennedy Point', '9706119753');
insert into userinfo (user_id, email, firstname, lastname, dateofbirth, address, phone) values (21, 'dpippard0@altervista.org', 'Domeniga', 'Pippard', '1983-12-14', '143 Vermont Street', '7412096746');
insert into userinfo (user_id, email, firstname, lastname, dateofbirth, address, phone) values (22, 'gbonwick1@webnode.com', 'Gabie', 'Bonwick', '1986-05-27', '1 Elmside Point', '5589220995');
insert into userinfo (user_id, email, firstname, lastname, dateofbirth, address, phone) values (23, 'tgutteridge2@springer.com', 'Tabby', 'Gutteridge', '1997-07-12', '07237 Wayridge Junction', '1284214866');
insert into userinfo (user_id, email, firstname, lastname, dateofbirth, address, phone) values (24, 'fseaking3@acquirethisname.com', 'Francklin', 'Seaking', '1990-07-06', '02488 Quincy Point', '9061105252');
insert into userinfo (user_id, email, firstname, lastname, dateofbirth, address, phone) values (25, 'jvoss4@taobao.com', 'Jess', 'Voss', '1978-01-21', '11 Macpherson Alley', '4772301208');
insert into userinfo (user_id, email, firstname, lastname, dateofbirth, address, phone) values (26, 'tvertey5@tumblr.com', 'Thatcher', 'Vertey', '1975-07-07', '394 Upham Junction', '8828063568');
insert into userinfo (user_id, email, firstname, lastname, dateofbirth, address, phone) values (27, 'pbaily6@naver.com', 'Penny', 'Baily', '1990-04-22', '438 Anhalt Avenue', '8101723121');
insert into userinfo (user_id, email, firstname, lastname, dateofbirth, address, phone) values (28, 'bcahani7@chron.com', 'Berke', 'Cahani', '1999-01-16', '22665 Stone Corner Circle', '4048126909');
insert into userinfo (user_id, email, firstname, lastname, dateofbirth, address, phone) values (29, 'eamort8@nih.gov', 'Elie', 'Amort', '1986-09-19', '454 Walton Lane', '1017555162');
insert into userinfo (user_id, email, firstname, lastname, dateofbirth, address, phone) values (30, 'mpartlett9@elpais.com', 'Martynne', 'Partlett', '1980-01-13', '0 Norway Maple Road', '8546123793');
insert into userinfo (user_id, email, firstname, lastname, dateofbirth, address, phone) values (31, 'twatera@eventbrite.com', 'Tobit', 'Water', '1981-07-22', '3666 Kensington Hill', '8978994798');
insert into userinfo (user_id, email, firstname, lastname, dateofbirth, address, phone) values (32, 'cstroudb@marriott.com', 'Clo', 'Stroud', '1981-03-18', '714 Monterey Parkway', '5234478684');
insert into userinfo (user_id, email, firstname, lastname, dateofbirth, address, phone) values (33, 'bjobesc@jalbum.net', 'Blisse', 'Jobes', '1992-07-01', '4540 Katie Crossing', '7948645406');
insert into userinfo (user_id, email, firstname, lastname, dateofbirth, address, phone) values (34, 'pfisherd@yandex.ru', 'Pincus', 'Fisher', '1981-02-23', '58 Eastwood Street', '7703586921');
insert into userinfo (user_id, email, firstname, lastname, dateofbirth, address, phone) values (35, 'lsolone@cpanel.net', 'Leela', 'Solon', '1988-12-28', '011 Clarendon Way', '2337822751');
insert into userinfo (user_id, email, firstname, lastname, dateofbirth, address, phone) values (36, 'fmyrief@telegraph.co.uk', 'Flori', 'Myrie', '1979-10-05', '0420 Loftsgordon Circle', '9994807923');
insert into userinfo (user_id, email, firstname, lastname, dateofbirth, address, phone) values (37, 'schisholmeg@dell.com', 'Sigismond', 'Chisholme', '1991-12-02', '07 Maple Wood Court', '2861621327');
insert into userinfo (user_id, email, firstname, lastname, dateofbirth, address, phone) values (38, 'reaglenh@naver.com', 'Rockwell', 'Eaglen', '1993-05-31', '337 Brown Place', '1923654424');
insert into userinfo (user_id, email, firstname, lastname, dateofbirth, address, phone) values (39, 'skarusi@weibo.com', 'Sapphira', 'Karus', '1986-01-06', '5678 Service Terrace', '3886142873');
insert into userinfo (user_id, email, firstname, lastname, dateofbirth, address, phone) values (40, 'bkernockej@reuters.com', 'Boyd', 'Kernocke', '1996-05-23', '8 Aberg Parkway', '9048197191');



insert into adoptions_made (pet_id, adoption_start, adoption_end, user_id)
VALUES (1, '2020-09-02', null, 1),
       (1, '2019-01-10', '2019-02-02', 2);

